{"answers":{"request001":{"relevance":[{"docid":0,"rank":0.9890000224113464},{"docid":1,"rank":0.8970000147819519},{"docid":2,"rank":0.75},{"docid":3,"rank":0.6700000166893005}],"result":"true"},"request002":{"docid":0,"rank":0.578000009059906,"result":"true"},"request003":{"result":"false"}}}